{
  "dataset_reader": {
    "predict_reader": {
      "name": "predict_reader",
      "type": "BasicDataSetReader",
      "fields": [
        {
          "name": "label",
          "data_type": "string",
          "reader": {
            "type": "ErnieSeqlabelLabelFieldReader"
          },
          "tokenizer": {
            "type": "CustomTokenizer",
            "split_char": " ",
            "unk_token": "O",
            "params": null
          },
          "need_convert": true,
          "vocab_path": "./data/ch/finetune/ChineseCustomerReview_baidu/vocab_label_map.txt",
          "max_seq_len": 512,
          "truncation_type": 0,
          "padding_id": 0,
          "embedding": {
            "type": "CustomFluidTokenEmbedding",
            "use_reader_emb": false,
            "emb_dim": 128
          }
        },
        {
          "name": "text_a",
          "data_type": "string",
          "reader": {
            "type": "ErnieTextFieldReader"
          },
          "tokenizer": {
            "type": "CustomTokenizer",
            "split_char": " ",
            "unk_token": "[UNK]"
          },
          "need_convert": true,
          "vocab_path": "./model_files/dict/ernie_1.0_large_ch.vocab.txt",
          "max_seq_len": 512,
          "truncation_type": 0,
          "padding_id": 0,
          "embedding": {
            "type": "ErnieTokenEmbedding",
            "use_reader_emb": false,
            "emb_dim": 768,
            "config_path": "./model_files/config/ernie_1.0_large_ch.config.json"
          }
        }
      ],
      "config": {
        "data_path": "./data/ch/finetune/ChineseCustomerReview_baidu/test",
        "shuffle": false,
        "batch_size": 16,
        "epoch": 1,
        "sampling_rate": 1.0
      }
    }
  },
  "model": {
    "type": "ErnieCrfSeqLabel",
    "embedding": {
      "type": "ErnieTokenEmbedding",
      "emb_dim": 768,
      "use_fp16": false,
      "config_path": "./model_files/config/ernie_1.0_large_ch.config.json",
      "other": ""
    }
  },
  "inference": {
    "inference_model_path": "./output/ernie_1.0_skep_large_ch.COTE_BD.oe/save_inference_model/inference_step_535",
    "test_save": "./output/inference/test_out.tsv",
    "vocab_path": "./data/ch/finetune/ChineseCustomerReview_baidu/vocab_label_map.txt",
    "inference_type": "seq_lab",
    "PADDLE_USE_GPU": 1,
    "PADDLE_IS_LOCAL": 1
  }
}
