{
  "dataset_reader": {
    "train_reader": {
      "name": "train_reader",
      "type": "TwoSentClassifyReaderEn",
      "fields": [
        {
          "name": "qid",
          "data_type": "int",
          "reader": {"type": "ScalarFieldReader"},
          "tokenizer": null,
          "need_convert": false,
          "vocab_path": "",
          "max_seq_len": 1, 
          "truncation_type": 0,
          "padding_id": 0,
          "embedding": null
        },
        {
          "name": "text_a",
          "data_type": "string",
          "reader": {"type":"ErnieTextFieldReader"},
          "tokenizer":{
              "type":"FullTokenizer",
              "split_char":" ",
              "unk_token":"[UNK]"
            },
          "need_convert": true,
          "vocab_path": "./model_files/dict/ernie_2.0_large_en.vocab.txt",
          "max_seq_len": 512,
          "truncation_type": 0,
          "padding_id": 0,
          "embedding": {
            "type":"ErnieTokenEmbedding",
            "use_reader_emb":false,
            "emb_dim":768,
            "config_path":"./model_files/config/ernie_2.0_large_en.config.json",
            "other":""
          }
        },
        {
          "name": "text_b",
          "data_type": "string",
          "reader": {"type":"ErnieTextFieldReader"},
          "tokenizer":{
              "type":"FullTokenizer",
              "split_char":" ",
              "unk_token":"[UNK]"
            },
          "need_convert": true,
          "vocab_path": "./model_files/dict/ernie_2.0_large_en.vocab.txt",
          "max_seq_len": 512,
          "truncation_type": 0,
          "padding_id": 0,
          "embedding": {
            "type":"ErnieTokenEmbedding",
            "use_reader_emb":false,
            "emb_dim":768,
            "config_path":"./model_files/config/ernie_2.0_large_en.config.json",
            "other":""
          }
        },
        {
          "name": "label",
          "data_type": "int",
          "reader": {"type":"ScalarFieldReader"},
          "tokenizer": null,
          "need_convert": false,
          "vocab_path": "",
          "max_seq_len": 1,
          "truncation_type": 0,
          "padding_id": 0,
          "embedding": null
        }
      ],
      "config": {
        "data_path": "./data/en/finetune/absa_laptops/train",
        "shuffle": true,
        "batch_size": 32,
        "epoch": 1,
        "sampling_rate": 1.0,
        "extra_params":{
          "vocab_path": "./model_files/dict/ernie_2.0_large_en.vocab.txt",
          "label_map_config":"",
          "max_seq_len":512,
          "do_lower_case":true,
          "in_tokens":false,
          "is_classify": true,
          "tokenizer": "FullTokenizer",
          "data_augmentation": false, 
          "text_field_more_than_3": false, 
          "is_regression": false, 
          "use_multi_gpu_test": true
        }
      }
    },
    "test_reader": {
      "name": "test_reader",
      "type": "TwoSentClassifyReaderEn",
      "fields": [
        {
          "name": "qid",
          "data_type": "int",
          "reader": {"type": "ScalarFieldReader"},
          "tokenizer": null,
          "need_convert": false,
          "vocab_path": "",
          "max_seq_len": 1, 
          "truncation_type": 0,
          "padding_id": 0,
          "embedding": null
        },
        {
          "name": "text_a",
          "data_type": "string",
          "reader": {"type":"ErnieTextFieldReader"},
          "tokenizer":{
              "type":"FullTokenizer",
              "split_char":" ",
              "unk_token":"[UNK]"
            },
          "need_convert": true,
          "vocab_path": "./model_files/dict/ernie_2.0_large_en.vocab.txt",
          "max_seq_len": 512,
          "truncation_type": 0,
          "padding_id": 0,
          "embedding": {
            "type":"ErnieTokenEmbedding",
            "use_reader_emb":false,
            "emb_dim":768,
            "config_path":"./model_files/config/ernie_2.0_large_en.config.json",
            "other":""
          }
        },
        {
          "name": "text_b",
          "data_type": "string",
          "reader": {"type":"ErnieTextFieldReader"},
          "tokenizer":{
              "type":"FullTokenizer",
              "split_char":" ",
              "unk_token":"[UNK]"
            },
          "need_convert": true,
          "vocab_path": "./model_files/dict/ernie_2.0_large_en.vocab.txt",
          "max_seq_len": 512,
          "truncation_type": 0,
          "padding_id": 0,
          "embedding": {
            "type":"ErnieTokenEmbedding",
            "use_reader_emb":false,
            "emb_dim":768,
            "config_path":"./model_files/config/ernie_2.0_large_en.config.json",
            "other":""
          }
        },
        {
          "name": "label",
          "data_type": "int",
          "reader": {"type":"ScalarFieldReader"},
          "tokenizer": null,
          "need_convert": false,
          "vocab_path": "",
          "max_seq_len": 1,
          "truncation_type": 0,
          "padding_id": 0,
          "embedding": null
        }
      ],
      "config": {
        "data_path": "./data/en/finetune/absa_laptops/test",
        "shuffle": false,
        "batch_size": 32,
        "epoch": 1,
        "sampling_rate": 1.0,
        "extra_params":{
          "vocab_path": "./model_files/dict/ernie_2.0_large_en.vocab.txt",
          "label_map_config":"",
          "max_seq_len":512,
          "do_lower_case":true,
          "in_tokens":false,
          "is_classify": true,
          "tokenizer": "FullTokenizer",
          "data_augmentation": false, 
          "text_field_more_than_3": false, 
          "is_regression": false, 
          "use_multi_gpu_test": true
        }
      }
    }
  },
  "model": {
    "type": "ErnieTwoSentClassificationEn",
    "num_labels":2,
    "embedding": {
      "type":"ErnieTokenEmbedding",
      "emb_dim":768,
      "use_fp16":false,
      "config_path":"./model_files/config/ernie_2.0_large_en.config.json",
      "other":""
    },
    "is_classify": true,
    "is_regression": false,
    "use_bce": false,
    "use_sigmoid": false,
    "optimization":{
      "learning_rate": 2e-5,
      "lr_scheduler": "linear_warmup_decay",
      "warmup_steps": 0,
      "warmup_proportion": 0.1,
      "weight_decay": 0.01,
      "use_dynamic_loss_scaling": false,
      "init_loss_scaling": 128,
      "incr_every_n_steps": 100,
      "decr_every_n_nan_or_inf": 2,
      "incr_ratio": 2.0,
      "decr_ratio": 0.8,
      "use_fp16": false
    }
  },
  "trainer": {
    "is_distributed": false,
    "vasualdl_log": false,
    "random_seed": 1,
    "use_fp16": false,
    "save_inference_model": false,
    "num_iteration_per_drop_scope": 10,
    "use_fast_executor": true, 
    "metric": "simple_accuracy", 
    "test_save": "./output/result/test_out.tsv", 
    "PADDLE_USE_GPU": 1,
    "PADDLE_IS_LOCAL": 0,
    "train_log_step": 10,
    "is_do_train": 1,
    "is_eval_dev": 0,
    "is_eval_test": 1,
    "eval_step": 100,
    "save_model_step": 1000,
    "load_parameters": "",
    "load_checkpoint": 0,
    "pre_train_model": [
      {
        "name": "ernie_2.0_skep_large_en",
        "params_path": "./model_files/ernie_2.0_skep_large_en/params"
      }
    ],
    "output_path": "./output/ernie_2.0_skep_large_en.absa_laptops.cls"
  }
}
