{
  "dataset_reader": {
    "train_reader": {
      "name": "train_reader",
      "type": "BasicDataSetReader",
      "fields": [
        {
          "name": "label",
          "data_type": "string",
          "reader": {
            "type": "ErnieSeqlabelLabelFieldReader"
          },
          "tokenizer": {
            "type": "CustomTokenizer",
            "split_char": " ",
            "unk_token": "O",
            "params": null
          },
          "need_convert": true,
          "vocab_path": "./data/en/finetune/mpqa2_fold0/vocab_label_map.txt",
          "max_seq_len": 512,
          "truncation_type": 0,
          "padding_id": 0,
          "embedding": {
            "type": "CustomFluidTokenEmbedding",
            "use_reader_emb": false,
            "emb_dim": 128
          }
        },
        {
          "name": "text_a",
          "data_type": "string",
          "reader": {
            "type": "ErnieTextFieldReader"
          },
          "tokenizer": {
            "type": "CustomTokenizer",
            "split_char": " ",
            "unk_token": "[UNK]"
          },
          "need_convert": true,
          "vocab_path": "./model_files/dict/ernie_2.0_large_en.vocab.txt",
          "max_seq_len": 512,
          "truncation_type": 0,
          "padding_id": 0,
          "embedding": {
            "type": "ErnieTokenEmbedding",
            "use_reader_emb": false,
            "emb_dim": 768,
            "config_path":"./model_files/config/ernie_2.0_large_en.config.json"
          }
        }
      ],
      "config": {
        "data_path": "./data/en/finetune/mpqa2_fold0/train",
        "shuffle": true,
        "batch_size": 24,
        "epoch": 1,
        "sampling_rate": 1.0
      }
    },
    "dev_reader": {
      "name": "dev_reader",
      "type": "BasicDataSetReader",
      "fields": [
        {
          "name": "label",
          "data_type": "string",
          "reader": {
            "type": "ErnieSeqlabelLabelFieldReader"
          },
          "tokenizer": {
            "type": "CustomTokenizer",
            "split_char": " ",
            "unk_token": "O",
            "params": null
          },
          "need_convert": true,
          "vocab_path": "./data/en/finetune/mpqa2_fold0/vocab_label_map.txt",
          "max_seq_len": 512,
          "truncation_type": 0,
          "padding_id": 0,
          "embedding": {
            "type": "CustomFluidTokenEmbedding",
            "use_reader_emb": false,
            "emb_dim": 128
          }
        },
        {
          "name": "text_a",
          "data_type": "string",
          "reader": {
            "type": "ErnieTextFieldReader"
          },
          "tokenizer": {
            "type": "CustomTokenizer",
            "split_char": " ",
            "unk_token": "[UNK]"
          },
          "need_convert": true,
          "vocab_path": "./model_files/dict/ernie_2.0_large_en.vocab.txt",
          "max_seq_len": 512,
          "truncation_type": 0,
          "padding_id": 0,
          "embedding": {
            "type": "ErnieTokenEmbedding",
            "use_reader_emb": false,
            "emb_dim": 768,
            "config_path":"./model_files/config/ernie_2.0_large_en.config.json",
            "other": ""
          }
        }
      ],
      "config": {
        "data_path": "./data/en/finetune/mpqa2_fold0/dev",
        "shuffle": false,
        "batch_size": 16,
        "epoch": 1,
        "sampling_rate": 1.0
      }
    },
    "test_reader": {
      "name": "test_reader",
      "type": "BasicDataSetReader",
      "fields": [
        {
          "name": "label",
          "data_type": "string",
          "reader": {
            "type": "ErnieSeqlabelLabelFieldReader"
          },
          "tokenizer": {
            "type": "CustomTokenizer",
            "split_char": " ",
            "unk_token": "O",
            "params": null
          },
          "need_convert": true,
          "vocab_path": "./data/en/finetune/mpqa2_fold0/vocab_label_map.txt",
          "max_seq_len": 512,
          "truncation_type": 0,
          "padding_id": 0,
          "embedding": {
            "type": "CustomFluidTokenEmbedding",
            "use_reader_emb": false,
            "emb_dim": 128
          }
        },
        {
          "name": "text_a",
          "data_type": "string",
          "reader": {
            "type": "ErnieTextFieldReader"
          },
          "tokenizer": {
            "type": "CustomTokenizer",
            "split_char": " ",
            "unk_token": "[UNK]"
          },
          "need_convert": true,
          "vocab_path": "./model_files/dict/ernie_2.0_large_en.vocab.txt",
          "max_seq_len": 512,
          "truncation_type": 0,
          "padding_id": 0,
          "embedding": {
            "type": "ErnieTokenEmbedding",
            "use_reader_emb": false,
            "emb_dim": 768,
            "config_path":"./model_files/config/ernie_2.0_large_en.config.json",
            "other": ""
          }
        }
      ],
      "config": {
        "data_path": "./data/en/finetune/mpqa2_fold0/test",
        "shuffle": false,
        "batch_size": 16,
        "epoch": 1,
        "sampling_rate": 1.0
      }
    }
  },
  "model": {
    "type": "ErnieCrfSeqLabel",
    "optimization": {
      "learning_rate": 5e-05,
      "lr_scheduler": "linear_warmup_decay",
      "warmup_steps": 0,
      "warmup_proportion": 0.1,
      "weight_decay": 0.01,
      "use_dynamic_loss_scaling": false,
      "init_loss_scaling": 128,
      "incr_every_n_steps": 100,
      "decr_every_n_nan_or_inf": 2,
      "incr_ratio": 2.0,
      "decr_ratio": 0.8,
      "use_fp16": false
    },
    "embedding": {
      "type": "ErnieTokenEmbedding",
      "emb_dim": 768,
      "use_fp16": false,
      "config_path":"./model_files/config/ernie_2.0_large_en.config.json",
      "other": ""
    },
    "num_labels": 7
  },
  "trainer": {
    "PADDLE_USE_GPU": 1,
    "PADDLE_IS_LOCAL": 1,
    "random_seed": 1,
    "use_fp16": false,
    "save_inference_model": true,
    "num_iteration_per_drop_scope": 10,
    "use_fast_executor": true,
    "train_log_step": 10,
    "is_do_train": 1,
    "is_eval_dev": 1,
    "is_eval_test": 1,
    "eval_step": 200,
    "save_model_step": 1000,
    "test_save": "./output/result/test_out.tsv",
    "load_parameters": "",
    "load_checkpoint": 0,
    "pre_train_model": [
      {
        "name": "roberta_skep_large_en",
        "params_path": "./model_files/ernie_2.0_skep_large_en/params"
      }
    ],
    "output_path": "./output/roberta_skep_large_en.MPQA.orl"
  }
}
